{
    "MSE": 87384.2109375,
    "RMSE": 295.60821533203125,
    "MAE": 214.4908905029297,
    "MAPE": 3.511860966682434,
    "NRMSE": 0.047474782913923264,
    "MBE": 77.98657989501953,
    "CV": 0.15723468363285065,
    "sMAPE": 3.4628402441740036,
    "R2": 0.9088299029940105
}