{
    "MSE": 70458.55571688806,
    "RMSE": 265.44030537370935,
    "MAE": 209.0190176026692,
    "MAPE": 3.532239817019839,
    "NRMSE": 0.04596567909843878,
    "MBE": 170.83922594963823,
    "CV": 0.04282394083740264,
    "sMAPE": 3.447031285144433,
    "R2": 0.9253489373948949,
    "Execution Time (s)": 169.4970531463623
}